{
  "name": "tinytip",
  "version": "0.0.1",
  "homepage": "http://sweefty.com/tinytip",
  "authors": [
    "mamod <mamod.mehyar@gmail.com>"
  ],
  "description": "Tiny Tooltip jQuery Plugin",
  "main": "tinytip.js",
  "keywords": [
    "tooltip",
    "tiny"
  ],
  "license": "MIT",
  "ignore": [
    "**/.*",
    "node_modules",
    "bower_components",
    "test",
    "tests"
  ],
  "_release": "0.0.1",
  "_resolution": {
    "type": "version",
    "tag": "0.0.1",
    "commit": "cd8ccfc970efcd2f73e91c988a31b3fbf278886b"
  },
  "_source": "https://github.com/Sweefty/tinytip.git",
  "_target": "^0.0.1",
  "_originalSource": "tinytip",
  "_direct": true
}