{
  "name": "jquery-bridget",
  "main": "jquery-bridget.js",
  "description": "Bridget makes jQuery widgets",
  "dependencies": {
    "jquery": ">=1.4.2 <4"
  },
  "devDependencies": {
    "qunit": "^2.0.0"
  },
  "homepage": "https://github.com/desandro/jquery-bridget",
  "authors": [
    "David DeSandro <desandrocodes@gmail.com>"
  ],
  "moduleType": [
    "amd",
    "globals",
    "node"
  ],
  "keywords": [
    "jquery",
    "plugin",
    "widget"
  ],
  "license": "MIT",
  "ignore": [
    "**/.*",
    "node_modules",
    "bower_components",
    "test",
    "tests",
    "package.json"
  ],
  "version": "2.0.1",
  "_release": "2.0.1",
  "_resolution": {
    "type": "version",
    "tag": "v2.0.1",
    "commit": "2816423f882886b7aaa8135f1ad8bd2b0a868769"
  },
  "_source": "https://github.com/desandro/jquery-bridget.git",
  "_target": "^2.0.1",
  "_originalSource": "jquery-bridget",
  "_direct": true
}