{
  "name": "bootstrap",
  "description": "The most popular front-end framework for developing responsive, mobile first projects on the web.",
  "keywords": [
    "css",
    "js",
    "sass",
    "mobile-first",
    "responsive",
    "front-end",
    "framework",
    "web"
  ],
  "homepage": "https://getbootstrap.com",
  "license": "MIT",
  "moduleType": "globals",
  "main": [
    "scss/bootstrap.scss",
    "dist/js/bootstrap.js"
  ],
  "ignore": [
    "/.*",
    "_config.yml",
    "CNAME",
    "composer.json",
    "CONTRIBUTING.md",
    "docs",
    "js/tests",
    "test-infra"
  ],
  "dependencies": {
    "jquery": ">=1.9.1",
    "tether": "^1.4.0"
  },
  "version": "4.0.0-alpha.6",
  "_release": "4.0.0-alpha.6",
  "_resolution": {
    "type": "version",
    "tag": "v4.0.0-alpha.6",
    "commit": "65ffb1c3b6e94440812a2e228cb8e8be512652ec"
  },
  "_source": "https://github.com/twbs/bootstrap.git",
  "_target": "~4.0.0-alpha.6",
  "_originalSource": "bootstrap"
}